class_name,prediction_count,mean_score,max_score,mean_area
cable,5815,0.6793198244436384,0.9992008805274963,40277.915582433554
tower_lattice,249,0.6073490868371174,0.9672991633415222,76941.32520725153
